actual_size,agent_count,agents,arm_aliases,arm_id,candidate_id,censored,complete,conflict_auc_seconds,conflict_reduction,conflict_trajectory,continuation_iterations,feasible,final_conflicts,final_fingerprint,final_repair_fingerprint,initial_conflicts,initial_fingerprint,initial_repair_fingerprint,layout_mode,low_level_expanded,low_level_generated,low_level_reopened,low_level_runs,map_id,normalized_conflict_auc_seconds,observed_total_seconds,pp_replan_seconds,repair_iterations,rollout_wall_seconds,schema,shared_initial_selection_seconds,source_stratum,split,state_id,stop_reason,template_key,trial_index
4,100,"6,15,41,58",v2_full,v2_full,neighborhood-f8906dff8fee64d5,False,True,0.03904140199999517,2,"2,1,1,0",2,True,0,417d7fe45084480535d133671d10959b02ecc12305592da7e8de3db3cf416854,c2acfca0529aa5d014987928061b796289020f0d61a7634ca7b716ba4a95165c,2,034ddd153fa6b944dd94384fb8a3faf8d6822dc97c76a674b3a4e562fcf1aa3c,6dd1eb3d6e2838a0fd5f799f4742eeb5da187344b01ccac665b319475b000e06,compartmentalized,15649,30967,17,20,policy_train_compartmentalized_double_horizontal_0002,0.019520700999997587,0.08428741799999528,0.021490556,3,0.051808667999999614,lns2.v3_value_label_pilot.v1,0.03247874999999567,no_progress,policy_train,s3__policy_train__policy_train_compartmentalized_double_horizontal_0002__task_0006__seed_0000__fixed_random__decision_0009__0001,feasible,,0
4,100,"6,15,41,58",v2_full,v2_full,neighborhood-f8906dff8fee64d5,False,True,0.040878327000008596,2,"2,1,1,0",2,True,0,fd5758e175b754035bb0a6c029eca806fde2d51844ffbaf9ec0d12afacddfc04,981aae250d9fff2eff63c9f81eb76b935580c30f0c2b3c4a3c3b000c3622210f,2,034ddd153fa6b944dd94384fb8a3faf8d6822dc97c76a674b3a4e562fcf1aa3c,6dd1eb3d6e2838a0fd5f799f4742eeb5da187344b01ccac665b319475b000e06,compartmentalized,15986,31843,88,20,policy_train_compartmentalized_double_horizontal_0002,0.020439163500004298,0.08568217599999883,0.023312853,3,0.05320342600000316,lns2.v3_value_label_pilot.v1,0.03247874999999567,no_progress,policy_train,s3__policy_train__policy_train_compartmentalized_double_horizontal_0002__task_0006__seed_0000__fixed_random__decision_0009__0001,feasible,,1
4,100,"15,41,44,58",model_s3,model_s3,neighborhood-17efd1efc98ba3fc,False,True,0.05154640700000357,2,"2,1,1,1,1,0",4,True,0,5b898d150be705511d6b7d6c974d297d081168b5aa9d030350536c4c327ed806,aa82f880153a83312c5d2d37505b7fed5b0cc4bb3125296c90504025d68017e4,2,034ddd153fa6b944dd94384fb8a3faf8d6822dc97c76a674b3a4e562fcf1aa3c,6dd1eb3d6e2838a0fd5f799f4742eeb5da187344b01ccac665b319475b000e06,compartmentalized,21770,42675,36,28,policy_train_compartmentalized_double_horizontal_0002,0.025773203500001785,0.11598949699999395,0.030733633000000003,5,0.08351074699999828,lns2.v3_value_label_pilot.v1,0.03247874999999567,no_progress,policy_train,s3__policy_train__policy_train_compartmentalized_double_horizontal_0002__task_0006__seed_0000__fixed_random__decision_0009__0001,feasible,collision:size4:rep1,0
4,100,"15,41,44,58",model_s3,model_s3,neighborhood-17efd1efc98ba3fc,False,True,0.046791577999997,2,"2,1,1,0",2,True,0,eda1154cff9edaddc744a6fe8687fe782f4edc33edb992fe23be010cc160a5c5,dff9d3fde4c8ce1332500d4c0e90f8a81cc6465e377ab3f85493ffe016eff7a0,2,034ddd153fa6b944dd94384fb8a3faf8d6822dc97c76a674b3a4e562fcf1aa3c,6dd1eb3d6e2838a0fd5f799f4742eeb5da187344b01ccac665b319475b000e06,compartmentalized,15527,29998,42,20,policy_train_compartmentalized_double_horizontal_0002,0.0233957889999985,0.09595283399999488,0.028378392,3,0.06347408399999921,lns2.v3_value_label_pilot.v1,0.03247874999999567,no_progress,policy_train,s3__policy_train__policy_train_compartmentalized_double_horizontal_0002__task_0006__seed_0000__fixed_random__decision_0009__0001,feasible,collision:size4:rep1,1
8,100,"5,16,44,58,74,84,91,98","oracle_s3_efficiency,oracle_s3_quality_time,oracle_h1_efficiency",oracle_s3_efficiency,neighborhood-39498bf3b29c568a,False,True,0.012407314000000724,2,"2,0",0,True,0,a91abb1e8cbe08dda2981f802d40f752a92642c49e7d46f1fb871e13fb91b646,f676aa9c0e255ace75e79fe049949cc972b76e195cc67b88319b0623e78157f0,2,034ddd153fa6b944dd94384fb8a3faf8d6822dc97c76a674b3a4e562fcf1aa3c,6dd1eb3d6e2838a0fd5f799f4742eeb5da187344b01ccac665b319475b000e06,compartmentalized,2125,6380,37,8,policy_train_compartmentalized_double_horizontal_0002,0.006203657000000362,0.047311690999997325,0.004384272,1,0.014832941000001654,lns2.v3_value_label_pilot.v1,0.03247874999999567,no_progress,policy_train,s3__policy_train__policy_train_compartmentalized_double_horizontal_0002__task_0006__seed_0000__fixed_random__decision_0009__0001,feasible,target:size8:rep1,0
8,100,"5,16,44,58,74,84,91,98","oracle_s3_efficiency,oracle_s3_quality_time,oracle_h1_efficiency",oracle_s3_efficiency,neighborhood-39498bf3b29c568a,False,True,0.011856297999997878,2,"2,0",0,True,0,f6085c9bf249c138447672ede70c048f02e1ec51cb193f503ae05b68bd2f2c51,083d0aa11f8a3e2b718809779127e2f6a975c5bca098d5f04c65d107dd1a30f4,2,034ddd153fa6b944dd94384fb8a3faf8d6822dc97c76a674b3a4e562fcf1aa3c,6dd1eb3d6e2838a0fd5f799f4742eeb5da187344b01ccac665b319475b000e06,compartmentalized,2144,6350,55,8,policy_train_compartmentalized_double_horizontal_0002,0.005928148999998939,0.04676971699999655,0.00377246,1,0.014290967000000876,lns2.v3_value_label_pilot.v1,0.03247874999999567,no_progress,policy_train,s3__policy_train__policy_train_compartmentalized_double_horizontal_0002__task_0006__seed_0000__fixed_random__decision_0009__0001,feasible,target:size8:rep1,1
16,200,"2,42,48,59,86,97,110,115,127,140,141,144,145,151,181,194","v2_full,model_s3",v2_full,neighborhood-010cf50c9c1f48b7,False,True,0.5361992539999818,4,"4,3,3,1,1,0",4,True,0,fcabdb5ba15e6a9189660573aa8703a8408fbc7956866693b5b9030e6d821eb6,81c6ec141e8c046fcc691011507014242e6ec1584889476634065400ed38961c,4,d130e1e6b2d72f7b38e613a280206fc0b9adc98e04bbcc5492e0f6b16c4e62c1,e26dc05013bf369acc145573b7006557a9ef3606ed1e26a4b4d8669404ceb6db,compartmentalized,165131,162921,77336,40,policy_train_compartmentalized_double_horizontal_0002,0.13404981349999545,0.38513119499997117,0.24216876499999998,5,0.3490268249999957,lns2.v3_value_label_pilot.v1,0.03610436999997546,ordinary_progress,policy_train,s3__policy_train__policy_train_compartmentalized_double_horizontal_0002__task_0010__seed_0000__official_adaptive__decision_0000__0014,feasible,,0
16,200,"2,42,48,59,86,97,110,115,127,140,141,144,145,151,181,194","v2_full,model_s3",v2_full,neighborhood-010cf50c9c1f48b7,False,True,0.2073614709999987,4,"4,1,0",1,True,0,edb5f168556853c45d45ab0301f0bccfce881213e1b00ba6928e5d5b1aada292,45470d4b5450fbcf0a9836a2c1ffd78ca791a63ab09c8ad96ce0b67fd68ea484,4,d130e1e6b2d72f7b38e613a280206fc0b9adc98e04bbcc5492e0f6b16c4e62c1,e26dc05013bf369acc145573b7006557a9ef3606ed1e26a4b4d8669404ceb6db,compartmentalized,70826,66874,38289,24,policy_train_compartmentalized_double_horizontal_0002,0.05184036774999967,0.17003397099997386,0.094081622,2,0.1339296009999984,lns2.v3_value_label_pilot.v1,0.03610436999997546,ordinary_progress,policy_train,s3__policy_train__policy_train_compartmentalized_double_horizontal_0002__task_0010__seed_0000__official_adaptive__decision_0000__0014,feasible,,1
8,200,"91,127,138,146,149,168,176,189",oracle_s3_efficiency,oracle_s3_efficiency,neighborhood-4587a8077bc8c54b,False,True,0.17566035699999816,4,"4,3,2,0",2,True,0,ddd347b2b8387dbdac145c8cf352eb76b99907bfee5235a8bc8cb64ee624dac8,7464e454d7d445257998efdc76b27f056eb554eae43abc82c813938b4dc95ac8,4,d130e1e6b2d72f7b38e613a280206fc0b9adc98e04bbcc5492e0f6b16c4e62c1,e26dc05013bf369acc145573b7006557a9ef3606ed1e26a4b4d8669404ceb6db,compartmentalized,39165,47257,19161,24,policy_train_compartmentalized_double_horizontal_0002,0.04391508924999954,0.15845816499997767,0.06132778,3,0.12235379500000221,lns2.v3_value_label_pilot.v1,0.03610436999997546,ordinary_progress,policy_train,s3__policy_train__policy_train_compartmentalized_double_horizontal_0002__task_0010__seed_0000__official_adaptive__decision_0000__0014,feasible,target:size8:rep0,0
8,200,"91,127,138,146,149,168,176,189",oracle_s3_efficiency,oracle_s3_efficiency,neighborhood-4587a8077bc8c54b,False,True,0.15106441200000376,4,"4,3,0",1,True,0,224221a95d095bb34b996fe243ce214c90b25c76df99ec48ab468622200828d7,4057d655e252b181261598175ba241ae3d163ddf4201f17fcbfedf6164cc9d2f,4,d130e1e6b2d72f7b38e613a280206fc0b9adc98e04bbcc5492e0f6b16c4e62c1,e26dc05013bf369acc145573b7006557a9ef3606ed1e26a4b4d8669404ceb6db,compartmentalized,29385,32934,14940,16,policy_train_compartmentalized_double_horizontal_0002,0.03776610300000094,0.11849426099998084,0.041203129,2,0.08238989100000538,lns2.v3_value_label_pilot.v1,0.03610436999997546,ordinary_progress,policy_train,s3__policy_train__policy_train_compartmentalized_double_horizontal_0002__task_0010__seed_0000__official_adaptive__decision_0000__0014,feasible,target:size8:rep0,1
16,200,"5,6,15,22,30,42,81,93,102,127,152,155,170,173,186,192","oracle_s3_quality_time,oracle_h1_efficiency",oracle_s3_quality_time,neighborhood-0116f053a8088622,False,True,0.32404735999998024,4,"4,1,1,1,0",3,True,0,f966dd55657edaa4f3ae82bbb38c73ef83af1d957c2286ae5e21d68a41f4fe4c,89fa8f9f5b3c07577ba4930eaba5cd19a1cef777eec4417d5a0a4f7a29f1ea41,4,d130e1e6b2d72f7b38e613a280206fc0b9adc98e04bbcc5492e0f6b16c4e62c1,e26dc05013bf369acc145573b7006557a9ef3606ed1e26a4b4d8669404ceb6db,compartmentalized,105404,93079,57852,32,policy_train_compartmentalized_double_horizontal_0002,0.08101183999999506,0.25609674999998333,0.14274869699999998,4,0.21999238000000787,lns2.v3_value_label_pilot.v1,0.03610436999997546,ordinary_progress,policy_train,s3__policy_train__policy_train_compartmentalized_double_horizontal_0002__task_0010__seed_0000__official_adaptive__decision_0000__0014,feasible,random:size16:rep0,0
16,200,"5,6,15,22,30,42,81,93,102,127,152,155,170,173,186,192","oracle_s3_quality_time,oracle_h1_efficiency",oracle_s3_quality_time,neighborhood-0116f053a8088622,False,True,0.23218782200004284,4,"4,2,0",1,True,0,7c44f03d9626ed49f17e7fcb4ddd5472b52a6b942dfc19c254bb264d6d24d2b9,3dc2c423498ac75af50ae8c889268890356e781df62925d5fc10b2fdc77e789e,4,d130e1e6b2d72f7b38e613a280206fc0b9adc98e04bbcc5492e0f6b16c4e62c1,e26dc05013bf369acc145573b7006557a9ef3606ed1e26a4b4d8669404ceb6db,compartmentalized,55908,62578,25469,24,policy_train_compartmentalized_double_horizontal_0002,0.05804695550001071,0.14380972399997916,0.07012391600000001,2,0.1077053540000037,lns2.v3_value_label_pilot.v1,0.03610436999997546,ordinary_progress,policy_train,s3__policy_train__policy_train_compartmentalized_double_horizontal_0002__task_0010__seed_0000__official_adaptive__decision_0000__0014,feasible,random:size16:rep0,1
16,400,"30,49,51,53,124,129,155,164,231,259,266,304,322,335,336,344","v2_full,model_s3",v2_full,neighborhood-28e93a589b407296,True,True,20.2902842170015,81,"84,50,47,38,34,34,31,31,23,21,15,12,12,10,7,4,4,4,4,4,4,4,4,4,3,3,3,3,3,3,3",29,False,3,3a7f7537fda2191ebbbfadc419d820c4111a242dd49aff271dae7ee2d095fba0,53a9ec8aee81ac99e69c24bc1a4452c0a4cc7adf398b6e5a5bb287fe97c6c288,84,1d0e476328050261043806ff6831770899cb285eda2e62f4cca62c18a092d99c,29640af2d66e84a1266849852f0ac063337a0c5f2d827fc072c1f13142de79d9,compartmentalized,385953,618117,103971,192,policy_train_compartmentalized_double_horizontal_0002,0.2415510025833512,1.755375633999975,0.694223287,30,1.7083976029999945,lns2.v3_value_label_pilot.v1,0.04697803099998055,no_progress,policy_train,s3__policy_train__policy_train_compartmentalized_double_horizontal_0002__task_0013__seed_0000__fixed_random__decision_0004__0026,environment_terminal,,0
16,400,"30,49,51,53,124,129,155,164,231,259,266,304,322,335,336,344","v2_full,model_s3",v2_full,neighborhood-28e93a589b407296,False,True,30.01226827100058,84,"84,47,44,44,44,40,33,29,29,23,23,23,23,19,19,17,13,10,10,9,6,3,3,3,1,0",24,True,0,9a09da70daee0d0ddce8cf60a0060e322af9d9167cc4607468150c01ac28e7a0,dfdeb3b5a862af854521d483529f88613d54b2468dea276ca847a070993cc6b8,84,1d0e476328050261043806ff6831770899cb285eda2e62f4cca62c18a092d99c,29640af2d66e84a1266849852f0ac063337a0c5f2d827fc072c1f13142de79d9,compartmentalized,477011,655057,170247,170,policy_train_compartmentalized_double_horizontal_0002,0.35728890798810214,1.720388679999985,0.8080640899999999,25,1.6734106490000045,lns2.v3_value_label_pilot.v1,0.04697803099998055,no_progress,policy_train,s3__policy_train__policy_train_compartmentalized_double_horizontal_0002__task_0013__seed_0000__fixed_random__decision_0004__0026,feasible,,1
16,400,"10,49,51,85,121,131,195,221,264,292,304,322,336,356,364,381","oracle_s3_efficiency,oracle_h1_efficiency",oracle_s3_efficiency,neighborhood-0f9f58facbe41374,False,True,16.717452039000932,84,"84,49,46,45,39,31,27,27,24,20,17,16,14,7,5,4,4,4,4,1,1,1,0",21,True,0,db7ad03ad8df1eaf96c48098a19f84a1f3822073c7fb1bfecdfc76720822db12,b1dca736849d67efe93c4080a2703aee81e17a6154ccdbe72d4290993c410dc6,84,1d0e476328050261043806ff6831770899cb285eda2e62f4cca62c18a092d99c,29640af2d66e84a1266849852f0ac063337a0c5f2d827fc072c1f13142de79d9,compartmentalized,289058,465653,76225,162,policy_train_compartmentalized_double_horizontal_0002,0.19901728617858253,1.31667145199998,0.520335601,22,1.2696934209999995,lns2.v3_value_label_pilot.v1,0.04697803099998055,no_progress,policy_train,s3__policy_train__policy_train_compartmentalized_double_horizontal_0002__task_0013__seed_0000__fixed_random__decision_0004__0026,feasible,random:size16:rep0,0
16,400,"10,49,51,85,121,131,195,221,264,292,304,322,336,356,364,381","oracle_s3_efficiency,oracle_h1_efficiency",oracle_s3_efficiency,neighborhood-0f9f58facbe41374,False,True,22.21691917700106,84,"84,62,56,52,51,44,42,39,37,35,32,32,18,15,11,6,4,3,3,2,2,2,2,2,1,0",24,True,0,f9d703b9423789e67f116a3f0faa5281a4001533bcbad58e27d4229475029297,91e058f061318d99ba45b00dbee34409a5050e44fdf4776da50c105b5979d7b3,84,1d0e476328050261043806ff6831770899cb285eda2e62f4cca62c18a092d99c,29640af2d66e84a1266849852f0ac063337a0c5f2d827fc072c1f13142de79d9,compartmentalized,307668,497832,88083,168,policy_train_compartmentalized_double_horizontal_0002,0.2644871330595364,1.4282274649999778,0.5240079309999999,25,1.3812494339999972,lns2.v3_value_label_pilot.v1,0.04697803099998055,no_progress,policy_train,s3__policy_train__policy_train_compartmentalized_double_horizontal_0002__task_0013__seed_0000__fixed_random__decision_0004__0026,feasible,random:size16:rep0,1
8,400,"7,44,46,137,216,260,278,315",oracle_s3_quality_time,oracle_s3_quality_time,neighborhood-001ef368e915bd82,True,True,48.8959983229998,70,"84,82,82,82,82,75,64,63,57,47,46,44,44,44,42,42,36,34,33,23,22,22,21,17,15,15,15,14,14,14,14",29,False,14,69913baddbbcb4e50d226dd3e4bd43bedaa7cfe59b6077a6cf024f38be65abfe,6c55b32bcfdf8de355132b5c52c87cda604744092f098fb59fd9ed6b81b70543,84,1d0e476328050261043806ff6831770899cb285eda2e62f4cca62c18a092d99c,29640af2d66e84a1266849852f0ac063337a0c5f2d827fc072c1f13142de79d9,compartmentalized,594404,741775,213160,218,policy_train_compartmentalized_double_horizontal_0002,0.58209521813095,2.078270914999976,0.9790104939999998,30,2.0312928839999955,lns2.v3_value_label_pilot.v1,0.04697803099998055,no_progress,policy_train,s3__policy_train__policy_train_compartmentalized_double_horizontal_0002__task_0013__seed_0000__fixed_random__decision_0004__0026,environment_terminal,collision:size8:rep0,0
8,400,"7,44,46,137,216,260,278,315",oracle_s3_quality_time,oracle_s3_quality_time,neighborhood-001ef368e915bd82,True,True,30.694682136000182,77,"84,83,47,42,36,31,31,25,17,17,17,16,16,16,15,14,11,9,9,9,9,9,8,7,7,7,7,7,7,7,7",29,False,7,d50da0a29a2a4d840008ef5d9f9c1a82d794cf8eebacde22f9894d3bf8ed2e88,db01095f824897e7553041dca6382deda8645610d6694009b441da15e2bb3fe6,84,1d0e476328050261043806ff6831770899cb285eda2e62f4cca62c18a092d99c,29640af2d66e84a1266849852f0ac063337a0c5f2d827fc072c1f13142de79d9,compartmentalized,618985,722063,270157,174,policy_train_compartmentalized_double_horizontal_0002,0.36541288257143073,2.1020848129999763,0.9939424989999998,30,2.0551067819999957,lns2.v3_value_label_pilot.v1,0.04697803099998055,no_progress,policy_train,s3__policy_train__policy_train_compartmentalized_double_horizontal_0002__task_0013__seed_0000__fixed_random__decision_0004__0026,environment_terminal,collision:size8:rep0,1
16,600,"44,164,166,172,210,264,278,318,322,354,368,456,458,480,568,590","v2_full,model_s3,oracle_s3_efficiency",v2_full,neighborhood-336af1eb1254d514,True,True,329.8043412659955,75,"94,71,71,71,70,64,63,63,63,59,59,59,58,50,49,46,40,39,34,33,32,28,26,25,24,21,21,20,20,19,19",29,False,19,23a8c6887e354a0ca1d787b820d3e12910e8201d4673c621980fe2ce9f45e021,2f2f310895945e3f2a514de71970f665623f4762a68a983699e81873a870972c,94,b3375dae54f30c96378484e6ab0f5567d4a17e1e1160cdde79d82f10015c6a0a,d9624a5ba1f7411e4ed84afe317ca136d633e1a90761e80f8a8e11950f4e5531,compartmentalized,3739595,2605154,2331995,248,policy_train_compartmentalized_double_horizontal_0001,3.5085568219786754,9.671286309999985,6.938293035000002,30,9.568679488,lns2.v3_value_label_pilot.v1,0.10260682199998428,high_cost_progress,policy_train,s3__policy_train__policy_train_compartmentalized_double_horizontal_0001__task_0016__seed_0000__official_adaptive__decision_0000__0040,environment_terminal,,0
16,600,"44,164,166,172,210,264,278,318,322,354,368,456,458,480,568,590","v2_full,model_s3,oracle_s3_efficiency",v2_full,neighborhood-336af1eb1254d514,True,True,303.8861095329968,70,"94,72,72,68,67,65,64,63,58,57,54,54,47,46,37,37,36,33,33,32,29,29,28,27,27,27,27,27,27,25,24",29,False,24,6e0809639459eb59b7dddda11da246cb0a45867eb483648c3f867cdd2756236a,149e39d82ad5726ec9e2069df0f49a47dda0f3c8ebddd42d896e67bf91ccda4a,94,b3375dae54f30c96378484e6ab0f5567d4a17e1e1160cdde79d82f10015c6a0a,d9624a5ba1f7411e4ed84afe317ca136d633e1a90761e80f8a8e11950f4e5531,compartmentalized,3251759,2086246,2194058,220,policy_train_compartmentalized_double_horizontal_0001,3.232830952478689,8.46136445899998,5.636007048,30,8.358757636999997,lns2.v3_value_label_pilot.v1,0.10260682199998428,high_cost_progress,policy_train,s3__policy_train__policy_train_compartmentalized_double_horizontal_0001__task_0016__seed_0000__official_adaptive__decision_0000__0040,environment_terminal,,1
16,600,"129,215,221,241,257,277,338,341,383,414,423,433,446,456,490,577",oracle_s3_quality_time,oracle_s3_quality_time,neighborhood-009d727129716af9,True,True,396.0190903610003,69,"94,80,80,80,79,78,76,71,61,61,61,58,55,53,52,51,51,49,49,49,46,45,45,41,41,41,38,36,35,32,25",29,False,25,15575a1934a33c314e4905e0d6b9e3e0d512d544ac1aa5410a576a718d56397a,6c7a98343efe0737ef178421a739d8ad0cef1b937130787ad8f11f1da9c37466,94,b3375dae54f30c96378484e6ab0f5567d4a17e1e1160cdde79d82f10015c6a0a,d9624a5ba1f7411e4ed84afe317ca136d633e1a90761e80f8a8e11950f4e5531,compartmentalized,3571791,2511968,2221849,240,policy_train_compartmentalized_double_horizontal_0001,4.21296904639362,8.864012957,6.202256623000002,30,8.761406135000016,lns2.v3_value_label_pilot.v1,0.10260682199998428,high_cost_progress,policy_train,s3__policy_train__policy_train_compartmentalized_double_horizontal_0001__task_0016__seed_0000__official_adaptive__decision_0000__0040,environment_terminal,random:size16:rep0,0
16,600,"129,215,221,241,257,277,338,341,383,414,423,433,446,456,490,577",oracle_s3_quality_time,oracle_s3_quality_time,neighborhood-009d727129716af9,True,True,255.4887486139986,78,"94,81,74,72,60,57,56,50,46,45,44,44,41,39,39,39,38,37,35,33,28,28,28,27,23,22,22,17,17,17,16",29,False,16,b33cd38faf5af5f23294c200d8fc62efad9b77a669ef8fb9a4ecae5268601ac9,71f7e77fdc0870bc0dda5372d27a9cd55f4a1774fe21415cfc84161c0767cdb3,94,b3375dae54f30c96378484e6ab0f5567d4a17e1e1160cdde79d82f10015c6a0a,d9624a5ba1f7411e4ed84afe317ca136d633e1a90761e80f8a8e11950f4e5531,compartmentalized,2748010,2419994,1455391,237,policy_train_compartmentalized_double_horizontal_0001,2.7179654107872193,7.912830034999985,5.2677290789999995,30,7.810223213,lns2.v3_value_label_pilot.v1,0.10260682199998428,high_cost_progress,policy_train,s3__policy_train__policy_train_compartmentalized_double_horizontal_0001__task_0016__seed_0000__official_adaptive__decision_0000__0040,environment_terminal,random:size16:rep0,1
8,600,"166,180,274,278,285,358,390,506",oracle_h1_efficiency,oracle_h1_efficiency,neighborhood-1565a9188af2b9f9,True,True,174.6288944749987,84,"94,78,71,67,62,61,61,60,53,42,32,24,21,20,20,18,18,18,18,17,17,16,16,16,15,12,12,11,10,10,10",29,False,10,7a4e6fd6e1b24fd7964369f5933638e07c56a9a33adc616c6dbca3b59e6f7761,4185a0e3722ac5607709863c6bac54bc87a21367e49b6c241eb6969e7bdd030d,94,b3375dae54f30c96378484e6ab0f5567d4a17e1e1160cdde79d82f10015c6a0a,d9624a5ba1f7411e4ed84afe317ca136d633e1a90761e80f8a8e11950f4e5531,compartmentalized,2555167,1967638,1554281,219,policy_train_compartmentalized_double_horizontal_0001,1.8577541965425395,7.67834481099996,4.871315515000001,30,7.575737988999975,lns2.v3_value_label_pilot.v1,0.10260682199998428,high_cost_progress,policy_train,s3__policy_train__policy_train_compartmentalized_double_horizontal_0001__task_0016__seed_0000__official_adaptive__decision_0000__0040,environment_terminal,target:size8:rep0,0
8,600,"166,180,274,278,285,358,390,506",oracle_h1_efficiency,oracle_h1_efficiency,neighborhood-1565a9188af2b9f9,True,True,217.51795934599548,70,"94,77,75,73,65,64,62,60,56,53,50,43,42,42,42,40,38,38,36,36,35,33,32,31,29,27,27,27,26,25,24",29,False,24,c5bccb04840ef0007056c47c8439992ef67bd6e1263b48f1f33a17a29c38eabb,14a2574f2427202965df76f0a42ab86a0bbef849171485727cd332a9af32e1bd,94,b3375dae54f30c96378484e6ab0f5567d4a17e1e1160cdde79d82f10015c6a0a,d9624a5ba1f7411e4ed84afe317ca136d633e1a90761e80f8a8e11950f4e5531,compartmentalized,2158132,1941890,1245134,222,policy_train_compartmentalized_double_horizontal_0001,2.314020844106335,7.039883703999976,4.246710437,30,6.937276881999992,lns2.v3_value_label_pilot.v1,0.10260682199998428,high_cost_progress,policy_train,s3__policy_train__policy_train_compartmentalized_double_horizontal_0001__task_0016__seed_0000__official_adaptive__decision_0000__0040,environment_terminal,target:size8:rep0,1
8,400,"49,62,138,144,156,202,228,255",v2_full,v2_full,neighborhood-215958cc63d4200e,False,True,0.0136862120000103,1,"1,0",0,True,0,6a258bc5c8123ffdd0145590b46497865ef3ed2854923d279774fda3abe77b71,19694de439df230db95a4ca28bc4639ec8f638b08216cb8f7811a6fe1dc8279a,1,c9a0257f27a860ba1a97805c8e44aaedd2fab1a56a9b411bfa212b22d93dca17,06071f887c068aa0e662bd8c4147a295edb26864487180a8d97dca80829e7d17,dead_end_aisles,1898,7289,282,8,policy_train_dead_end_aisles_0002,0.0136862120000103,0.1404510460000381,0.007011064,1,0.04451795700001071,lns2.v3_value_label_pilot.v1,0.0959330890000274,near_feasible,policy_train,s3__policy_train__policy_train_dead_end_aisles_0002__task_0012__seed_0000__realized_dynamic__decision_0000__0090,feasible,,0
8,400,"49,62,138,144,156,202,228,255",v2_full,v2_full,neighborhood-215958cc63d4200e,False,True,0.013999033000004601,1,"1,0",0,True,0,17410b345a655ede66ff132a1cf77dd3230fa1ed65cb7a49af333464768e46db,02ce35e9d6441b6a81f67a95d15f922443b966d0e9e7f5e89858adf45c020948,1,c9a0257f27a860ba1a97805c8e44aaedd2fab1a56a9b411bfa212b22d93dca17,06071f887c068aa0e662bd8c4147a295edb26864487180a8d97dca80829e7d17,dead_end_aisles,2697,8753,651,8,policy_train_dead_end_aisles_0002,0.013999033000004601,0.14006480500003704,0.007836209,1,0.044131716000009646,lns2.v3_value_label_pilot.v1,0.0959330890000274,near_feasible,policy_train,s3__policy_train__policy_train_dead_end_aisles_0002__task_0012__seed_0000__realized_dynamic__decision_0000__0090,feasible,,1
4,400,"144,202,228,269",model_s3,model_s3,neighborhood-1d77237d50783ecd,False,True,0.009839571000014757,1,"1,0",0,True,0,7d79e8e680b3ff421e58795687d2942619a988e054bd04bda639415de2055d16,cec869605cb888cfcb80bb57880d5566d513b64a624491cf14b0607201e4aab1,1,c9a0257f27a860ba1a97805c8e44aaedd2fab1a56a9b411bfa212b22d93dca17,06071f887c068aa0e662bd8c4147a295edb26864487180a8d97dca80829e7d17,dead_end_aisles,1138,4890,2,4,policy_train_dead_end_aisles_0002,0.009839571000014757,0.13647253400003478,0.004225983,1,0.04053944500000739,lns2.v3_value_label_pilot.v1,0.0959330890000274,near_feasible,policy_train,s3__policy_train__policy_train_dead_end_aisles_0002__task_0012__seed_0000__realized_dynamic__decision_0000__0090,feasible,target:size4:rep1,0
4,400,"144,202,228,269",model_s3,model_s3,neighborhood-1d77237d50783ecd,False,True,0.02249964300000329,1,"1,0",0,True,0,9de385ce48eb3836eb54dc3fb2fd08d000112e883d1cba73aee48b8a3fc0af10,f941e69c40b20175baa847523b3d7b450df4bbaf3f2bc14e8c23da60eec6bec4,1,c9a0257f27a860ba1a97805c8e44aaedd2fab1a56a9b411bfa212b22d93dca17,06071f887c068aa0e662bd8c4147a295edb26864487180a8d97dca80829e7d17,dead_end_aisles,1003,4363,0,4,policy_train_dead_end_aisles_0002,0.02249964300000329,0.15030888300003653,0.0053681,1,0.05437579400000914,lns2.v3_value_label_pilot.v1,0.0959330890000274,near_feasible,policy_train,s3__policy_train__policy_train_dead_end_aisles_0002__task_0012__seed_0000__realized_dynamic__decision_0000__0090,feasible,target:size4:rep1,1
4,400,"128,144,202,304","oracle_s3_efficiency,oracle_s3_quality_time,oracle_h1_efficiency",oracle_s3_efficiency,neighborhood-1e6a773079301979,False,True,0.009982084999990093,1,"1,0",0,True,0,0ca508cfb03272b558f5f0b6f605f9f499b280e4ae0afb548647dc4938c34d06,537a3e7a8fe1077e178d599982f93056c7a1835863c59534c098c36bd53971eb,1,c9a0257f27a860ba1a97805c8e44aaedd2fab1a56a9b411bfa212b22d93dca17,06071f887c068aa0e662bd8c4147a295edb26864487180a8d97dca80829e7d17,dead_end_aisles,702,3269,20,4,policy_train_dead_end_aisles_0002,0.009982084999990093,0.1386223780000364,0.003387132,1,0.04268928900000901,lns2.v3_value_label_pilot.v1,0.0959330890000274,near_feasible,policy_train,s3__policy_train__policy_train_dead_end_aisles_0002__task_0012__seed_0000__realized_dynamic__decision_0000__0090,feasible,collision:size4:rep0,0
4,400,"128,144,202,304","oracle_s3_efficiency,oracle_s3_quality_time,oracle_h1_efficiency",oracle_s3_efficiency,neighborhood-1e6a773079301979,False,True,0.010996546999990642,1,"1,0",0,True,0,296158919402551df5655642ab9e08fffb0a849fc869c75662764703f4f471da,e3590d3c70e76f85574ec3f20620309919306fcb8ca8dd56040156c52b7c58a4,1,c9a0257f27a860ba1a97805c8e44aaedd2fab1a56a9b411bfa212b22d93dca17,06071f887c068aa0e662bd8c4147a295edb26864487180a8d97dca80829e7d17,dead_end_aisles,825,3494,54,4,policy_train_dead_end_aisles_0002,0.010996546999990642,0.14027987000002895,0.003798653,1,0.044346781000001556,lns2.v3_value_label_pilot.v1,0.0959330890000274,near_feasible,policy_train,s3__policy_train__policy_train_dead_end_aisles_0002__task_0012__seed_0000__realized_dynamic__decision_0000__0090,feasible,collision:size4:rep0,1
4,600,"54,282,378,482",v2_full,v2_full,neighborhood-e60ecc8ec318f25e,False,True,0.7674623889999452,7,"7,6,6,6,5,1,1,1,1,0",8,True,0,27593339f06a3d69997cbb62c3ea544a626122b34b6de41da6de5ac39f3f3ac0,ef1ca027636e8f6b4b0177d2547fe974d329b7dede0557d8b25bd04e6396d23c,7,a969fa37bd38f068666f1d34089845dcb86a12ed0e902209ed8b8dec5f31d3a8,4673fd1b4f12113d1658fa621a832b4c8600ea19726e80f720e9ca54ba5d3536,dead_end_aisles,32817,78217,7656,36,policy_train_dead_end_aisles_0002,0.10963748414284932,0.6568686870001272,0.07956518000000001,9,0.585343671000004,lns2.v3_value_label_pilot.v1,0.07152501600012329,no_progress,policy_train,s3__policy_train__policy_train_dead_end_aisles_0002__task_0016__seed_0000__fixed_random__decision_0000__0103,feasible,,0
4,600,"54,282,378,482",v2_full,v2_full,neighborhood-e60ecc8ec318f25e,False,True,0.21255079699986368,7,"7,2,1,0",2,True,0,98d987eae386d04f9f82c74c41e63f0bd8284c88f557d5bf4fc5211505022cbe,38b7aae9f631ebca6140712e3921b42159934fdc8f9b2b78b45ef9675ff480d4,7,a969fa37bd38f068666f1d34089845dcb86a12ed0e902209ed8b8dec5f31d3a8,4673fd1b4f12113d1658fa621a832b4c8600ea19726e80f720e9ca54ba5d3536,dead_end_aisles,22171,49448,5799,20,policy_train_dead_end_aisles_0002,0.030364399571409097,0.2832079610001301,0.045791568000000005,3,0.21168294500000684,lns2.v3_value_label_pilot.v1,0.07152501600012329,no_progress,policy_train,s3__policy_train__policy_train_dead_end_aisles_0002__task_0016__seed_0000__fixed_random__decision_0000__0103,feasible,,1
16,600,"58,74,77,155,202,208,270,282,296,334,378,386,482,488,497,520",model_s3,model_s3,neighborhood-15d7bf47d9cae06d,False,True,0.8816807560000086,7,"7,4,4,3,2,1,1,1,1,1,0",9,True,0,4e9e4a6335b0b71dc3c3ee6d8bd4d25e757236bdd42e1f604b8a62b9a721d1bd,3bd4fa5afb6ffb301aa37135e33de2c91dc6e4f7d2e0dc5106376890c455319a,7,a969fa37bd38f068666f1d34089845dcb86a12ed0e902209ed8b8dec5f31d3a8,4673fd1b4f12113d1658fa621a832b4c8600ea19726e80f720e9ca54ba5d3536,dead_end_aisles,71997,152442,21111,64,policy_train_dead_end_aisles_0002,0.12595439371428693,0.790749033000111,0.15675214199999998,10,0.7192240169999877,lns2.v3_value_label_pilot.v1,0.07152501600012329,no_progress,policy_train,s3__policy_train__policy_train_dead_end_aisles_0002__task_0016__seed_0000__fixed_random__decision_0000__0103,feasible,target:size16:rep0,0
16,600,"58,74,77,155,202,208,270,282,296,334,378,386,482,488,497,520",model_s3,model_s3,neighborhood-15d7bf47d9cae06d,False,True,0.5862046730000259,7,"7,4,3,2,1,0",4,True,0,24a0516ffbeb58c06660e334e4bec71226368137413a04e9ac3d33a96f45ac63,1a7dcce6677595c1e9fc13dca186bbc0c889ab067fd75a2d1039ff1f4445d287,7,a969fa37bd38f068666f1d34089845dcb86a12ed0e902209ed8b8dec5f31d3a8,4673fd1b4f12113d1658fa621a832b4c8600ea19726e80f720e9ca54ba5d3536,dead_end_aisles,38555,95870,7989,48,policy_train_dead_end_aisles_0002,0.0837435247142894,0.4429580340000996,0.098185616,5,0.3714330179999763,lns2.v3_value_label_pilot.v1,0.07152501600012329,no_progress,policy_train,s3__policy_train__policy_train_dead_end_aisles_0002__task_0016__seed_0000__fixed_random__decision_0000__0103,feasible,target:size16:rep0,1
8,600,"65,87,151,265,305,336,536,560","oracle_s3_efficiency,oracle_s3_quality_time",oracle_s3_efficiency,neighborhood-267d68a50144ec74,False,True,0.6198610940001572,7,"7,6,6,6,1,0",4,True,0,98233efab53562e5b362f6f4e7460c334747209c5c1ff28aeb7294d5314fa3ef,20f3c487bb6dbf51ea366c48b4b01222c3fb8c8d1c4bcf8de41466cd73b8fe13,7,a969fa37bd38f068666f1d34089845dcb86a12ed0e902209ed8b8dec5f31d3a8,4673fd1b4f12113d1658fa621a832b4c8600ea19726e80f720e9ca54ba5d3536,dead_end_aisles,27870,58596,9274,32,policy_train_dead_end_aisles_0002,0.08855158485716531,0.43687649300011344,0.067438938,5,0.36535147699999015,lns2.v3_value_label_pilot.v1,0.07152501600012329,no_progress,policy_train,s3__policy_train__policy_train_dead_end_aisles_0002__task_0016__seed_0000__fixed_random__decision_0000__0103,feasible,collision:size8:rep1,0
8,600,"65,87,151,265,305,336,536,560","oracle_s3_efficiency,oracle_s3_quality_time",oracle_s3_efficiency,neighborhood-267d68a50144ec74,False,True,0.9976557579998371,7,"7,7,4,4,3,3,2,2,1,0",8,True,0,fb91d9039d5be6b68f54926a112c137762daa781b7e299a66830edddc0740013,5a6f2700513e0f3ab9705a6f45ad9b914a0966cdf3c5848cf2174ab5bd11715a,7,a969fa37bd38f068666f1d34089845dcb86a12ed0e902209ed8b8dec5f31d3a8,4673fd1b4f12113d1658fa621a832b4c8600ea19726e80f720e9ca54ba5d3536,dead_end_aisles,73331,162323,20874,72,policy_train_dead_end_aisles_0002,0.14252225114283387,0.7758263110001451,0.172193599,9,0.7043012950000218,lns2.v3_value_label_pilot.v1,0.07152501600012329,no_progress,policy_train,s3__policy_train__policy_train_dead_end_aisles_0002__task_0016__seed_0000__fixed_random__decision_0000__0103,feasible,collision:size8:rep1,1
8,600,"54,58,74,155,270,282,378,482",oracle_h1_efficiency,oracle_h1_efficiency,neighborhood-188322c77bd1a8a8,False,True,0.5043730310000853,7,"7,5,4,4,1,1,1,1,1,0",8,True,0,b236e166dfa40d5c47f9bd0fed2b20c88c83139e49d8487f124eacec84ddee31,983b825c3576f39da1868b6d11b2ace54c08e7021ad470fb93c55dcca270e636,7,a969fa37bd38f068666f1d34089845dcb86a12ed0e902209ed8b8dec5f31d3a8,4673fd1b4f12113d1658fa621a832b4c8600ea19726e80f720e9ca54ba5d3536,dead_end_aisles,30000,70329,8070,40,policy_train_dead_end_aisles_0002,0.07205329014286933,0.6647804680001173,0.071972113,9,0.593255451999994,lns2.v3_value_label_pilot.v1,0.07152501600012329,no_progress,policy_train,s3__policy_train__policy_train_dead_end_aisles_0002__task_0016__seed_0000__fixed_random__decision_0000__0103,feasible,collision:size8:rep0,0
8,600,"54,58,74,155,270,282,378,482",oracle_h1_efficiency,oracle_h1_efficiency,neighborhood-188322c77bd1a8a8,False,True,0.32121835799995324,7,"7,2,1,0",2,True,0,f7eb3d9d0dbe747b571d52c1368c032704bfe29a5f1b20e02e0978078166a04d,8c250cbf79b21613b267e458f768dd1537e422f1dc51dc4fb892c822a1ae5e1a,7,a969fa37bd38f068666f1d34089845dcb86a12ed0e902209ed8b8dec5f31d3a8,4673fd1b4f12113d1658fa621a832b4c8600ea19726e80f720e9ca54ba5d3536,dead_end_aisles,29316,67313,6496,24,policy_train_dead_end_aisles_0002,0.045888336857136176,0.32052066800011403,0.068936468,3,0.24899565199999074,lns2.v3_value_label_pilot.v1,0.07152501600012329,no_progress,policy_train,s3__policy_train__policy_train_dead_end_aisles_0002__task_0016__seed_0000__fixed_random__decision_0000__0103,feasible,collision:size8:rep0,1
4,200,"1,38,121,122",v2_full,v2_full,neighborhood-08588bb87ad957dd,False,True,0.004290793999984999,1,"1,0",0,True,0,b509432a82a8a48af070871f8fff40bfbb60b6cecf2b72d21228b1bc31f8198c,43e05dc469d55bb17ee8fe5f79f14b43070de6658dd85d66e304becc738c9d20,1,64e96406f71f4ed36218895c32ee0ce6655e29f1f2109260e56c58e6f09b55bb,8559b3e42cd0623f6419c5d6704c2b85aa80199a0e8ad904bab2cf2188bf839e,regular_beltway,729,2341,198,4,policy_train_regular_beltway_0002,0.004290793999984999,0.04489276700007849,0.001468543,1,0.01733277400001043,lns2.v3_value_label_pilot.v1,0.02755999300006806,near_feasible,policy_train,s3__policy_train__policy_train_regular_beltway_0002__task_0011__seed_0000__official_adaptive__decision_0000__0109,feasible,,0
4,200,"1,38,121,122",v2_full,v2_full,neighborhood-08588bb87ad957dd,False,True,0.004678487000006726,1,"1,0",0,True,0,dbe70b4f3d493439e6ebb443b0bff90ef2cfe7a19908829530abe96a51dfaa79,5204761fa01e590e48171b57293658741c8c6d2544998de28cb35619e7a40881,1,64e96406f71f4ed36218895c32ee0ce6655e29f1f2109260e56c58e6f09b55bb,8559b3e42cd0623f6419c5d6704c2b85aa80199a0e8ad904bab2cf2188bf839e,regular_beltway,811,2547,227,4,policy_train_regular_beltway_0002,0.004678487000006726,0.04580276300006858,0.00171013,1,0.01824277000000052,lns2.v3_value_label_pilot.v1,0.02755999300006806,near_feasible,policy_train,s3__policy_train__policy_train_regular_beltway_0002__task_0011__seed_0000__official_adaptive__decision_0000__0109,feasible,,1
4,200,"2,121,157,161",model_s3,model_s3,neighborhood-ab7240b6fb40fa95,False,True,0.004448775999975396,1,"1,0",0,True,0,5597cd80c1dee8f5fb2ea8c4038ed6fa85f40f892c91be88b9661208dc225781,cc9211d67f560f73a53cdf55dcfeb48c4f7d27c1a075f51ce9b5dfb02dd906fe,1,64e96406f71f4ed36218895c32ee0ce6655e29f1f2109260e56c58e6f09b55bb,8559b3e42cd0623f6419c5d6704c2b85aa80199a0e8ad904bab2cf2188bf839e,regular_beltway,864,3058,111,4,policy_train_regular_beltway_0002,0.004448775999975396,0.044505026000081216,0.00183544,1,0.016945033000013154,lns2.v3_value_label_pilot.v1,0.02755999300006806,near_feasible,policy_train,s3__policy_train__policy_train_regular_beltway_0002__task_0011__seed_0000__official_adaptive__decision_0000__0109,feasible,target:size4:rep1,0
4,200,"2,121,157,161",model_s3,model_s3,neighborhood-ab7240b6fb40fa95,False,True,0.004275559999996403,1,"1,0",0,True,0,3d567d04a59cee4f45dd68cd89753ce15adf3be2a6c258dc2c25ccd3859b6bd8,8c10e8496cfd91f462158cf8ff883f6627a6b214bcf6e573a30ebe842a466bec,1,64e96406f71f4ed36218895c32ee0ce6655e29f1f2109260e56c58e6f09b55bb,8559b3e42cd0623f6419c5d6704c2b85aa80199a0e8ad904bab2cf2188bf839e,regular_beltway,845,2982,106,4,policy_train_regular_beltway_0002,0.004275559999996403,0.04493219100007195,0.001820895,1,0.01737219800000389,lns2.v3_value_label_pilot.v1,0.02755999300006806,near_feasible,policy_train,s3__policy_train__policy_train_regular_beltway_0002__task_0011__seed_0000__official_adaptive__decision_0000__0109,feasible,target:size4:rep1,1
4,200,"1,23,29,79","oracle_s3_efficiency,oracle_s3_quality_time,oracle_h1_efficiency",oracle_s3_efficiency,neighborhood-2592dc45feca37f8,False,True,0.0036829630000170255,1,"1,0",0,True,0,bb875cfd86e796d87abe1b8a0e8bb9625dc088cbd052e8d9fa87fe32077669be,69e279fc0d71b45b983f3844b0aab6a847098bbcb9c121aaef3101e7aa968496,1,64e96406f71f4ed36218895c32ee0ce6655e29f1f2109260e56c58e6f09b55bb,8559b3e42cd0623f6419c5d6704c2b85aa80199a0e8ad904bab2cf2188bf839e,regular_beltway,510,1899,45,4,policy_train_regular_beltway_0002,0.0036829630000170255,0.04342892300007861,0.001238651,1,0.01586893000001055,lns2.v3_value_label_pilot.v1,0.02755999300006806,near_feasible,policy_train,s3__policy_train__policy_train_regular_beltway_0002__task_0011__seed_0000__official_adaptive__decision_0000__0109,feasible,random:size4:rep1,0
4,200,"1,23,29,79","oracle_s3_efficiency,oracle_s3_quality_time,oracle_h1_efficiency",oracle_s3_efficiency,neighborhood-2592dc45feca37f8,False,True,0.0047452510000027814,1,"1,0",0,True,0,6279171549f2de581270d4687353c2cb0a17bb048a867b624a0c9c59e6a218cd,6eba5317f4c138143282f8d539fcaecae0e46f0055773ab6a23c402e59a94d17,1,64e96406f71f4ed36218895c32ee0ce6655e29f1f2109260e56c58e6f09b55bb,8559b3e42cd0623f6419c5d6704c2b85aa80199a0e8ad904bab2cf2188bf839e,regular_beltway,674,2196,49,4,policy_train_regular_beltway_0002,0.0047452510000027814,0.04666550200005304,0.001640032,1,0.019105508999984977,lns2.v3_value_label_pilot.v1,0.02755999300006806,near_feasible,policy_train,s3__policy_train__policy_train_regular_beltway_0002__task_0011__seed_0000__official_adaptive__decision_0000__0109,feasible,random:size4:rep1,1
4,400,"23,189,201,232","v2_full,oracle_s3_efficiency,oracle_s3_quality_time,oracle_h1_efficiency",v2_full,neighborhood-64a071801e0b6e72,False,True,0.007528070000006437,1,"1,0",0,True,0,ffa97c9b5c21e0ddc4a64f886babf7ac342abc5618be29a61f2223c814652fed,0cda36d9cf7c33ddd0df0257808508ccc6da7dba4316f701307fdcf0b742d1a4,1,df4a309aafd3b09d0153b23744c614aaaa347cf1b7c1c757cb036d446e8e5fe9,31efd58a54de9cecf77941cbcfd49870bfca85977d4edbbc4b1d998c373cc478,regular_beltway,1152,2624,453,4,policy_train_regular_beltway_0002,0.007528070000006437,0.0742257069999539,0.002258671,1,0.03321995500002117,lns2.v3_value_label_pilot.v1,0.04100575199993273,high_cost_progress,policy_train,s3__policy_train__policy_train_regular_beltway_0002__task_0015__seed_0000__realized_dynamic__decision_0000__0110,feasible,,0
4,400,"23,189,201,232","v2_full,oracle_s3_efficiency,oracle_s3_quality_time,oracle_h1_efficiency",v2_full,neighborhood-64a071801e0b6e72,False,True,0.007974176999994143,1,"1,0",0,True,0,46ae847242cbecaf04b916a6a6200259ae4e422af8b9fbaf3359c9d7a6184788,511726af15cacbbd263adb20cb323ef9404a18f06a7f3266fed4cddeee8ae39b,1,df4a309aafd3b09d0153b23744c614aaaa347cf1b7c1c757cb036d446e8e5fe9,31efd58a54de9cecf77941cbcfd49870bfca85977d4edbbc4b1d998c373cc478,regular_beltway,1159,2704,461,4,policy_train_regular_beltway_0002,0.007974176999994143,0.07741122499990638,0.002430727,1,0.036405472999973654,lns2.v3_value_label_pilot.v1,0.04100575199993273,high_cost_progress,policy_train,s3__policy_train__policy_train_regular_beltway_0002__task_0015__seed_0000__realized_dynamic__decision_0000__0110,feasible,,1
8,400,"25,53,100,127,189,201,225,397",model_s3,model_s3,neighborhood-d453346dfa295a0f,False,True,0.010578021999975817,1,"1,0",0,True,0,aaac9f3fb319c698d00f5eb1b03c106810e5a192f9da082592fdd8e275eb9a0c,6117bd0324896383a36e6179daf4d971eb3a8ed481f7ad0e80b97494bb063aad,1,df4a309aafd3b09d0153b23744c614aaaa347cf1b7c1c757cb036d446e8e5fe9,31efd58a54de9cecf77941cbcfd49870bfca85977d4edbbc4b1d998c373cc478,regular_beltway,1744,5736,382,8,policy_train_regular_beltway_0002,0.010578021999975817,0.07938172899991969,0.004792521,1,0.03837597699998696,lns2.v3_value_label_pilot.v1,0.04100575199993273,high_cost_progress,policy_train,s3__policy_train__policy_train_regular_beltway_0002__task_0015__seed_0000__realized_dynamic__decision_0000__0110,feasible,target:size8:rep1,0
8,400,"25,53,100,127,189,201,225,397",model_s3,model_s3,neighborhood-d453346dfa295a0f,False,True,0.014460154999994757,1,"1,0",0,True,0,29196447257635e527ba3efe5c853099bd9413db22a4bd8775725b1a9a502d3b,824f288dd768bbbeb78b4bb62c2e3f6b9176ce4605b53408cd8712ab97faea03,1,df4a309aafd3b09d0153b23744c614aaaa347cf1b7c1c757cb036d446e8e5fe9,31efd58a54de9cecf77941cbcfd49870bfca85977d4edbbc4b1d998c373cc478,regular_beltway,2804,10371,186,8,policy_train_regular_beltway_0002,0.014460154999994757,0.08384687499994925,0.008242678,1,0.04284112300001652,lns2.v3_value_label_pilot.v1,0.04100575199993273,high_cost_progress,policy_train,s3__policy_train__policy_train_regular_beltway_0002__task_0015__seed_0000__realized_dynamic__decision_0000__0110,feasible,target:size8:rep1,1
16,600,"102,305,339,346,347,389,390,421,437,474,489,491,493,496,541,570",v2_full,v2_full,neighborhood-1624661453df827b,False,True,1.4662083879997851,9,"9,7,7,7,7,7,6,5,4,4,3,3,1,0",12,True,0,0a7b4a127d8682883040801f0130b89e331069f54876c1cccf1e04ae1f856a8b,fcf5d4e798b96029b27768fffc0e4d51d566f3be495a24693cb7d4e6e7fcbb66,9,c8184155f62ff68fa96222446bd99b7ae039da4ff83267542e244755b5049e28,93769337b260fd8da5c2637d801f69bb654b351347e628165bc45d6eda046ee4,regular_beltway,74689,162819,22923,94,policy_train_regular_beltway_0002,0.16291204311108723,0.9429113569999572,0.162320889,13,0.8284643719999849,lns2.v3_value_label_pilot.v1,0.1144469849999723,no_progress,policy_train,s3__policy_train__policy_train_regular_beltway_0002__task_0019__seed_0000__fixed_random__decision_0000__0116,feasible,,0
16,600,"102,305,339,346,347,389,390,421,437,474,489,491,493,496,541,570",v2_full,v2_full,neighborhood-1624661453df827b,False,True,1.7596283719999235,9,"9,7,6,6,5,5,5,5,5,5,4,4,3,2,1,0",14,True,0,bfc9644f10c60b058e633af48ef79dc7afc1beaa1d460368b8eb4c6e55f45af0,33177314bd838ff22e2d47a6ac3112b7b53ecba5e48862ae7b49768ccc6b2dba,9,c8184155f62ff68fa96222446bd99b7ae039da4ff83267542e244755b5049e28,93769337b260fd8da5c2637d801f69bb654b351347e628165bc45d6eda046ee4,regular_beltway,108152,193547,43353,103,policy_train_regular_beltway_0002,0.19551426355554705,1.121306672999964,0.20948094799999997,15,1.0068596879999916,lns2.v3_value_label_pilot.v1,0.1144469849999723,no_progress,policy_train,s3__policy_train__policy_train_regular_beltway_0002__task_0019__seed_0000__fixed_random__decision_0000__0116,feasible,,1
8,600,"71,186,237,363,422,429,493,499",model_s3,model_s3,neighborhood-1067b168c49ba189,False,True,1.8224229839999566,9,"9,8,8,7,7,7,6,5,5,4,4,3,3,3,3,2,2,1,1,1,0",19,True,0,3575e4e63a53bc3a4213ef21b06c4622a0541088c1ee69eba54497d4cb1cc729,d5fa06365798afb375bfd90e613b155fa67e0c50e434696501d4f25280daf231,9,c8184155f62ff68fa96222446bd99b7ae039da4ff83267542e244755b5049e28,93769337b260fd8da5c2637d801f69bb654b351347e628165bc45d6eda046ee4,regular_beltway,110317,210313,40359,112,policy_train_regular_beltway_0002,0.20249144266666186,1.3373487409999711,0.22343626,20,1.2229017559999988,lns2.v3_value_label_pilot.v1,0.1144469849999723,no_progress,policy_train,s3__policy_train__policy_train_regular_beltway_0002__task_0019__seed_0000__fixed_random__decision_0000__0116,feasible,collision:size8:rep1,0
8,600,"71,186,237,363,422,429,493,499",model_s3,model_s3,neighborhood-1067b168c49ba189,False,True,1.113146719000099,9,"9,7,7,6,5,4,3,3,3,2,2,2,1,0",12,True,0,5dfcc8d34c396271fe081f4d8be97b3a780fe25e350c6005c0016e528e143450,5c3ceed052b24bb63bcecb588726e9181a54a3cd2e335a7dae309eb7d346cd0d,9,c8184155f62ff68fa96222446bd99b7ae039da4ff83267542e244755b5049e28,93769337b260fd8da5c2637d801f69bb654b351347e628165bc45d6eda046ee4,regular_beltway,61506,130545,17694,74,policy_train_regular_beltway_0002,0.12368296877778878,0.8811527909999768,0.12594112600000001,13,0.7667058060000045,lns2.v3_value_label_pilot.v1,0.1144469849999723,no_progress,policy_train,s3__policy_train__policy_train_regular_beltway_0002__task_0019__seed_0000__fixed_random__decision_0000__0116,feasible,collision:size8:rep1,1
8,600,"103,150,153,363,381,481,493,565","oracle_s3_efficiency,oracle_s3_quality_time,oracle_h1_efficiency",oracle_s3_efficiency,neighborhood-449556237e828600,False,True,1.2201442809998184,9,"9,6,6,6,6,5,4,3,2,2,2,1,1,0",12,True,0,c0467154a9794c764d7f3b9231d160785e4bdba481c31ce096e098a8a30dc540,63fce8b7bfa3e479eb784f36a344868fe2dc88dec85309784462141010d564c2,9,c8184155f62ff68fa96222446bd99b7ae039da4ff83267542e244755b5049e28,93769337b260fd8da5c2637d801f69bb654b351347e628165bc45d6eda046ee4,regular_beltway,85690,164738,31972,88,policy_train_regular_beltway_0002,0.1355715867777576,0.9880599239999697,0.18438975100000002,13,0.8736129389999974,lns2.v3_value_label_pilot.v1,0.1144469849999723,no_progress,policy_train,s3__policy_train__policy_train_regular_beltway_0002__task_0019__seed_0000__fixed_random__decision_0000__0116,feasible,target:size8:rep0,0
8,600,"103,150,153,363,381,481,493,565","oracle_s3_efficiency,oracle_s3_quality_time,oracle_h1_efficiency",oracle_s3_efficiency,neighborhood-449556237e828600,False,True,0.9309251800000595,9,"9,6,5,4,4,4,3,3,3,2,1,1,0",11,True,0,40310bfb8992717e78c43f95dced7aae042fe52b67eba4baf9626bec12fc5bb6,20db29854d7a72d9f7727a9289a3b35138de095322ef90b9f4503b2492e36758,9,c8184155f62ff68fa96222446bd99b7ae039da4ff83267542e244755b5049e28,93769337b260fd8da5c2637d801f69bb654b351347e628165bc45d6eda046ee4,regular_beltway,78126,124654,36383,72,policy_train_regular_beltway_0002,0.10343613111111773,0.9157386199999564,0.152817596,12,0.8012916349999841,lns2.v3_value_label_pilot.v1,0.1144469849999723,no_progress,policy_train,s3__policy_train__policy_train_regular_beltway_0002__task_0019__seed_0000__fixed_random__decision_0000__0116,feasible,target:size8:rep0,1
2,100,"18,29","v2_full,oracle_s3_efficiency,oracle_s3_quality_time,oracle_h1_efficiency",v2_full,neighborhood-a3f55c71d02839d8,False,True,0.007534635999945749,2,"2,0",0,True,0,fa34caa25d96e4aebb237be7b89e628cb9b2e867ac24848f26efd87103915caa,6c697f17446697ce201071cf42058ef7b6289f8895f31cd028fcfb04c4cc4065,2,4f6e69705435e2f6352697e431905b603c294aa340d55dfd9233cc6398fa6c46,0fb48641acba6bb846facc0ea29201b4855f0d28e95134994d3af9a31f5222b0,compartmentalized,1322,2845,0,2,policy_train_compartmentalized_double_horizontal_0001,0.0037673179999728745,0.03538802500006,0.001970221,1,0.011847544999994852,lns2.v3_value_label_pilot.v1,0.023540480000065145,near_feasible,policy_train,s3__policy_train__policy_train_compartmentalized_double_horizontal_0001__task_0007__seed_0000__realized_dynamic__decision_0000__0000,feasible,,0
2,100,"18,29","v2_full,oracle_s3_efficiency,oracle_s3_quality_time,oracle_h1_efficiency",v2_full,neighborhood-a3f55c71d02839d8,False,True,0.006632491999994272,2,"2,0",0,True,0,257393119a956fd503eaef6ec2b28c61efa709a5e1dbbca530b071a2d00a98f8,59b061e0bd016c56f28055804d1eabc18a7a231ed7e45bc33d85b56b9ae4b302,2,4f6e69705435e2f6352697e431905b603c294aa340d55dfd9233cc6398fa6c46,0fb48641acba6bb846facc0ea29201b4855f0d28e95134994d3af9a31f5222b0,compartmentalized,1323,2828,0,2,policy_train_compartmentalized_double_horizontal_0001,0.003316245999997136,0.0341832420000685,0.001815797,1,0.010642762000003358,lns2.v3_value_label_pilot.v1,0.023540480000065145,near_feasible,policy_train,s3__policy_train__policy_train_compartmentalized_double_horizontal_0001__task_0007__seed_0000__realized_dynamic__decision_0000__0000,feasible,,1
4,100,"15,18,29,67",model_s3,model_s3,neighborhood-f2df7e71c2d4a6a3,False,True,0.007981417999985752,2,"2,0",0,True,0,b4e423505e716bc81cbdb62921546e9f7dbb8dc1d29e0018740e0e7477f9822c,f349bf283e3b959234eea16cbc8b741d1a0006a9d5f09387dbdf56fb338f840e,2,4f6e69705435e2f6352697e431905b603c294aa340d55dfd9233cc6398fa6c46,0fb48641acba6bb846facc0ea29201b4855f0d28e95134994d3af9a31f5222b0,compartmentalized,1413,3323,0,4,policy_train_compartmentalized_double_horizontal_0001,0.003990708999992876,0.036380628000046045,0.002149091,1,0.0128401479999809,lns2.v3_value_label_pilot.v1,0.023540480000065145,near_feasible,policy_train,s3__policy_train__policy_train_compartmentalized_double_horizontal_0001__task_0007__seed_0000__realized_dynamic__decision_0000__0000,feasible,collision:size4:rep0,0
4,100,"15,18,29,67",model_s3,model_s3,neighborhood-f2df7e71c2d4a6a3,False,True,0.05356487599999582,2,"2,2,0",1,True,0,56c642996a7610249e0d15a92afa6110c3c5291a3e99c15c70e67d141526236e,705ff6d350f4a903ee213ae84047242caff90926b3ef653d5bdee148e8f89655,2,4f6e69705435e2f6352697e431905b603c294aa340d55dfd9233cc6398fa6c46,0fb48641acba6bb846facc0ea29201b4855f0d28e95134994d3af9a31f5222b0,compartmentalized,30932,17907,19589,12,policy_train_compartmentalized_double_horizontal_0001,0.02678243799999791,0.06612035200006972,0.023108955,2,0.04257987200000457,lns2.v3_value_label_pilot.v1,0.023540480000065145,near_feasible,policy_train,s3__policy_train__policy_train_compartmentalized_double_horizontal_0001__task_0007__seed_0000__realized_dynamic__decision_0000__0000,feasible,collision:size4:rep0,1
4,200,"22,108,110,161",v2_full,v2_full,neighborhood-7112b08d1bd28fb7,False,True,0.18716818300001137,2,"2,1,1,1,1,0",4,True,0,68b024c6fca4f41c37b0343634831e2917d795fd0512a28c89f22d3e7bfca7cf,1c7dda6ea90421120909bdcb825cee978c65dd59567340560d585ed957424510,2,f468c4b83808879894d499cf161e44d50ce9190d09f1bbc903910335c36cc8f1,4d59b9aad7a10836a4cf9980c306867d36af02a79a51dd4e4ab7741cdb9329e4,compartmentalized,118116,97396,59185,28,policy_train_compartmentalized_double_horizontal_0001,0.09358409150000568,0.26022624300006214,0.133373742,5,0.22630931500000884,lns2.v3_value_label_pilot.v1,0.033916928000053304,no_progress,policy_train,s3__policy_train__policy_train_compartmentalized_double_horizontal_0001__task_0011__seed_0000__fixed_random__decision_0000__0013,feasible,,0
4,200,"22,108,110,161",v2_full,v2_full,neighborhood-7112b08d1bd28fb7,False,True,0.34608652599999346,2,"2,2,1,1,1,1,1,1,1,1,0",9,True,0,bf58dc77aa6122bc5e7d01be3cce26edafa4a6fb0fc4610ec213d5f57f6374eb,2acc4f13165ae301ea4ba24394ba92d02af1a6f24a22a4340c792b82f9297a5d,2,f468c4b83808879894d499cf161e44d50ce9190d09f1bbc903910335c36cc8f1,4d59b9aad7a10836a4cf9980c306867d36af02a79a51dd4e4ab7741cdb9329e4,compartmentalized,236830,180484,122142,65,policy_train_compartmentalized_double_horizontal_0001,0.17304326299999673,0.47206700600006,0.25681423,10,0.4381500780000067,lns2.v3_value_label_pilot.v1,0.033916928000053304,no_progress,policy_train,s3__policy_train__policy_train_compartmentalized_double_horizontal_0001__task_0011__seed_0000__fixed_random__decision_0000__0013,feasible,,1
8,200,"36,86,103,108,110,137,161,190",model_s3,model_s3,neighborhood-059ac50035894a3e,False,True,0.039146779999953196,2,"2,0",0,True,0,ef063476e04b442127f84891c422eb7a9106298e8db305da98b636291b68dc75,5eec0645ab4a614ef5c92fb7ee59466cbf461487f39c8fa7a955e0efcb9a8cbc,2,f468c4b83808879894d499cf161e44d50ce9190d09f1bbc903910335c36cc8f1,4d59b9aad7a10836a4cf9980c306867d36af02a79a51dd4e4ab7741cdb9329e4,compartmentalized,12575,15160,6447,8,policy_train_compartmentalized_double_horizontal_0001,0.019573389999976598,0.06795033000005901,0.016662286,1,0.03403340200000571,lns2.v3_value_label_pilot.v1,0.033916928000053304,no_progress,policy_train,s3__policy_train__policy_train_compartmentalized_double_horizontal_0001__task_0011__seed_0000__fixed_random__decision_0000__0013,feasible,collision:size8:rep0,0
8,200,"36,86,103,108,110,137,161,190",model_s3,model_s3,neighborhood-059ac50035894a3e,False,True,0.08870362700002943,2,"2,1,1,1,0",3,True,0,38bb15b0e69a509e5ab17a52413f9df8040bac28a708c9f71f9027f463318d6a,4e1087986aa4bd67c5711daaf5fccdef8c6e3e18430bc049ad7601c7c8cb52aa,2,f468c4b83808879894d499cf161e44d50ce9190d09f1bbc903910335c36cc8f1,4d59b9aad7a10836a4cf9980c306867d36af02a79a51dd4e4ab7741cdb9329e4,compartmentalized,44420,45061,17856,23,policy_train_compartmentalized_double_horizontal_0001,0.044351813500014714,0.17233454800006598,0.057859125,4,0.13841762000001268,lns2.v3_value_label_pilot.v1,0.033916928000053304,no_progress,policy_train,s3__policy_train__policy_train_compartmentalized_double_horizontal_0001__task_0011__seed_0000__fixed_random__decision_0000__0013,feasible,collision:size8:rep0,1
16,200,"3,16,31,44,46,55,73,89,110,133,143,155,161,176,180,197","oracle_s3_efficiency,oracle_s3_quality_time,oracle_h1_efficiency",oracle_s3_efficiency,neighborhood-02581e387a88031a,False,True,0.050057385999991766,2,"2,0",0,True,0,f558db30a4bac2b9a19e59e6b2fd75a61f43075289f88cba5007353d4515d190,59a1b375fbbd21317e9cc7bd441304a102566216fb809337c84b5c155c9b3525,2,f468c4b83808879894d499cf161e44d50ce9190d09f1bbc903910335c36cc8f1,4d59b9aad7a10836a4cf9980c306867d36af02a79a51dd4e4ab7741cdb9329e4,compartmentalized,16417,19175,9127,16,policy_train_compartmentalized_double_horizontal_0001,0.025028692999995883,0.07392995000006408,0.022175287,1,0.04001302200001078,lns2.v3_value_label_pilot.v1,0.033916928000053304,no_progress,policy_train,s3__policy_train__policy_train_compartmentalized_double_horizontal_0001__task_0011__seed_0000__fixed_random__decision_0000__0013,feasible,random:size16:rep0,0
16,200,"3,16,31,44,46,55,73,89,110,133,143,155,161,176,180,197","oracle_s3_efficiency,oracle_s3_quality_time,oracle_h1_efficiency",oracle_s3_efficiency,neighborhood-02581e387a88031a,False,True,0.04467149999999265,2,"2,0",0,True,0,90710236c04cd86eddc56d7588176b29a9b0351e66c5206eb037c769df94ba8e,3cdc509b080310f140bfea99cad10551568e2f737666c7c7aad391e2fa46bb76,2,f468c4b83808879894d499cf161e44d50ce9190d09f1bbc903910335c36cc8f1,4d59b9aad7a10836a4cf9980c306867d36af02a79a51dd4e4ab7741cdb9329e4,compartmentalized,14199,14948,9271,16,policy_train_compartmentalized_double_horizontal_0001,0.022335749999996324,0.0705875590000744,0.019322749,1,0.0366706310000211,lns2.v3_value_label_pilot.v1,0.033916928000053304,no_progress,policy_train,s3__policy_train__policy_train_compartmentalized_double_horizontal_0001__task_0011__seed_0000__fixed_random__decision_0000__0013,feasible,random:size16:rep0,1
16,400,"22,29,49,51,53,88,121,124,125,129,155,164,178,304,335,390","v2_full,model_s3,oracle_s3_quality_time",v2_full,neighborhood-2c67288c0da05bda,False,True,23.495173248998498,63,"63,50,49,49,49,49,49,45,45,32,22,20,17,12,8,7,5,4,1,0",18,True,0,7509199551a29116868b3be3a27e98ead9f0fe30bb93931379b7fcc523f03c8a,0531bd43ef6b107481510bc73f009271f493771cc5e7c63029954f1c7fa339bc,63,04ada5095cb05c505654390d9ec107bb169769017ebbabf2990d1642fa87c2ba,7e389f7d020016f414e54437c1e7b8ada8c4e451f27d22787295003c78f601c4,compartmentalized,321928,394874,146587,151,policy_train_compartmentalized_double_horizontal_0002,0.37293925792061106,1.323876603000059,0.547536226,19,1.2194537910000065,lns2.v3_value_label_pilot.v1,0.10442281200005255,no_progress,policy_train,s3__policy_train__policy_train_compartmentalized_double_horizontal_0002__task_0013__seed_0000__fixed_random__decision_0006__0022,feasible,,0
16,400,"22,29,49,51,53,88,121,124,125,129,155,164,178,304,335,390","v2_full,model_s3,oracle_s3_quality_time",v2_full,neighborhood-2c67288c0da05bda,True,True,20.795056479999943,58,"63,42,40,36,26,23,23,20,20,18,16,15,15,13,13,13,12,12,8,7,7,7,7,7,7,7,5,5,5,5,5",29,False,5,ed6dd97ae72082b934b095fd11c78da9cc7a2941435f3af3fe711a3e4f7ebe9b,d7c7c926968b9753dfc67f51fc359e3f88682f3123fa78ac07c8f8a7e2aff41d,63,04ada5095cb05c505654390d9ec107bb169769017ebbabf2990d1642fa87c2ba,7e389f7d020016f414e54437c1e7b8ada8c4e451f27d22787295003c78f601c4,compartmentalized,533585,727387,170933,201,policy_train_compartmentalized_double_horizontal_0002,0.3300802615873007,2.0512065750000374,0.937836158,30,1.946783762999985,lns2.v3_value_label_pilot.v1,0.10442281200005255,no_progress,policy_train,s3__policy_train__policy_train_compartmentalized_double_horizontal_0002__task_0013__seed_0000__fixed_random__decision_0006__0022,environment_terminal,,1
8,400,"47,104,185,198,276,326,331,350",oracle_s3_efficiency,oracle_s3_efficiency,neighborhood-003c4a3f454debe3,True,True,21.244632686999296,61,"63,59,57,56,53,47,44,33,31,25,25,25,24,22,19,19,17,12,12,12,12,12,12,10,10,7,6,4,4,3,2",29,False,2,68e7aefa2adad9e03a7c715c0d4787f3c349cce8b1c2a9d90ac7df03e633eb17,914db8421ca3047997a8eb135b73947a6aea802d1f3b5ef1858a6b888e72688a,63,04ada5095cb05c505654390d9ec107bb169769017ebbabf2990d1642fa87c2ba,7e389f7d020016f414e54437c1e7b8ada8c4e451f27d22787295003c78f601c4,compartmentalized,563912,715225,242790,214,policy_train_compartmentalized_double_horizontal_0002,0.3372163918571317,2.045571132000049,0.9174211259999999,30,1.9411483199999964,lns2.v3_value_label_pilot.v1,0.10442281200005255,no_progress,policy_train,s3__policy_train__policy_train_compartmentalized_double_horizontal_0002__task_0013__seed_0000__fixed_random__decision_0006__0022,environment_terminal,collision:size8:rep1,0
8,400,"47,104,185,198,276,326,331,350",oracle_s3_efficiency,oracle_s3_efficiency,neighborhood-003c4a3f454debe3,True,True,42.55361644200383,47,"63,55,46,46,46,39,39,39,33,31,31,31,30,30,28,28,28,28,28,26,26,26,24,17,16,16,16,16,16,16,16",29,False,16,b88aaedfe1588ac650757e162a18f381d7f30a2878313f6d2bb179f02698cffd,a2d9b4ead9729b0ded1feb1b2ea3225de3200bffe4396d80a8cf2708e157f2a4,63,04ada5095cb05c505654390d9ec107bb169769017ebbabf2990d1642fa87c2ba,7e389f7d020016f414e54437c1e7b8ada8c4e451f27d22787295003c78f601c4,compartmentalized,741489,901996,279188,205,policy_train_compartmentalized_double_horizontal_0002,0.675454229238156,2.408524183000054,1.2655531810000002,30,2.3041013710000016,lns2.v3_value_label_pilot.v1,0.10442281200005255,no_progress,policy_train,s3__policy_train__policy_train_compartmentalized_double_horizontal_0002__task_0013__seed_0000__fixed_random__decision_0006__0022,environment_terminal,collision:size8:rep1,1
16,400,"28,47,51,86,87,125,201,213,216,256,261,276,297,324,361,364",oracle_h1_efficiency,oracle_h1_efficiency,neighborhood-033d88cbae3d8149,False,True,21.08305858100124,63,"63,48,45,43,36,26,24,23,20,16,16,16,14,13,10,10,10,9,9,5,5,4,3,2,1,0",24,True,0,cc24a7e98306fd662862cfe61a4e5989b5091110b9070a69f9949f0709abedc5,6e3358bbc57bcc70dc17a71a0cce0f3c9e7cc4a0f4a123bbdf7d3cf214725345,63,04ada5095cb05c505654390d9ec107bb169769017ebbabf2990d1642fa87c2ba,7e389f7d020016f414e54437c1e7b8ada8c4e451f27d22787295003c78f601c4,compartmentalized,616577,716295,286462,197,policy_train_compartmentalized_double_horizontal_0002,0.3346517235079562,1.9793544210000675,1.008023539,25,1.874931609000015,lns2.v3_value_label_pilot.v1,0.10442281200005255,no_progress,policy_train,s3__policy_train__policy_train_compartmentalized_double_horizontal_0002__task_0013__seed_0000__fixed_random__decision_0006__0022,feasible,random:size16:rep0,0
16,400,"28,47,51,86,87,125,201,213,216,256,261,276,297,324,361,364",oracle_h1_efficiency,oracle_h1_efficiency,neighborhood-033d88cbae3d8149,True,True,24.243629532001393,56,"63,48,46,45,45,37,37,34,32,29,27,26,23,19,19,17,15,15,15,12,12,12,12,11,11,11,8,8,8,7,7",29,False,7,268aff707ed3e1e1a0fbc1ba7ee91aa7122254a2294f9520f6b31c2fb081d21a,fdaaae33a755b85b5ba61a5c14ef60b28f3cfa4007824851510fee00cd603c77,63,04ada5095cb05c505654390d9ec107bb169769017ebbabf2990d1642fa87c2ba,7e389f7d020016f414e54437c1e7b8ada8c4e451f27d22787295003c78f601c4,compartmentalized,501799,704701,168578,202,policy_train_compartmentalized_double_horizontal_0002,0.3848195163809745,1.9692642940000553,0.8386272619999999,30,1.8648414820000028,lns2.v3_value_label_pilot.v1,0.10442281200005255,no_progress,policy_train,s3__policy_train__policy_train_compartmentalized_double_horizontal_0002__task_0013__seed_0000__fixed_random__decision_0006__0022,environment_terminal,random:size16:rep0,1
